{"cameraMode":{"drawMode":0,"name":"Shaded","section":"Shading Mode"},"sceneLighting":true,"audioPlay":false,"sceneViewState":{"m_AlwaysRefresh":false,"showFog":true,"showSkybox":true,"showFlares":true,"showImageEffects":true,"showParticleSystems":true,"showVisualEffectGraphs":true,"m_FxEnabled":true},"in2DMode":false,"pivot":{"x":3.0889675617218019,"y":3.043900966644287,"z":-1.6309566497802735},"rotation":{"x":-0.032576438039541247,"y":0.9674100875854492,"z":-0.17484988272190095,"w":-0.18023908138275147},"size":1.2475600242614747,"orthographic":false}